{
  "pr_auc": {
    "mean": 0.6013569590930482,
    "p2_5": 0.48602194372467905,
    "p97_5": 0.6977168693896447
  },
  "precision_at_threshold": {
    "mean": 0.6456521789605122,
    "p2_5": 0.518458781170602,
    "p97_5": 0.7840167751827111
  },
  "recall_at_threshold": {
    "mean": 0.4331542334998257,
    "p2_5": 0.29614695335034935,
    "p97_5": 0.5556497174114456
  },
  "f1_at_threshold": {
    "mean": 0.5155145698160302,
    "p2_5": 0.3870083913953124,
    "p97_5": 0.6315789423724758
  },
  "roc_auc": {
    "mean": 0.7088996303144157,
    "p2_5": 0.6169560206696517,
    "p97_5": 0.7768187172195341
  },
  "fill_fraction": {
    "mean": 0.08546279999999999,
    "p2_5": 0.084242625,
    "p97_5": 0.086685625
  }
}