{
  "rounds": 256,
  "threshold": 0.9025304669737818,
  "observed": {
    "pr_auc": 0.5044481840202262,
    "roc_auc": 0.6454031843862353,
    "precision_at_threshold": 0.6190476189002267,
    "recall_at_threshold": 0.4727272726413223,
    "f1_at_threshold": 0.5360824692060794
  },
  "shuffle_baseline": {
    "pr_auc": {
      "mean": 0.24919795329023656,
      "p2_5": 0.19964429263527989,
      "p97_5": 0.3239128415208274
    },
    "roc_auc": {
      "mean": 0.495485843605547,
      "p2_5": 0.3999871597329224,
      "p97_5": 0.5798151001540832
    },
    "precision_at_threshold": {
      "mean": 0.22860863089795033,
      "p2_5": 0.11904761901927437,
      "p97_5": 0.33333333325396824
    },
    "recall_at_threshold": {
      "mean": 0.17457386360462293,
      "p2_5": 0.09090909089256198,
      "p97_5": 0.25454545449917354
    },
    "f1_at_threshold": {
      "mean": 0.19797035587373138,
      "p2_5": 0.10309277857370626,
      "p97_5": 0.2886597888447232
    }
  }
}