{
  "raw": 0.09914278966434037,
  "gene_median": 0.09530648231009807,
  "svd_impute": 0.154195389152757,
  "graph_smooth": 0.16599898292065352,
  "MAGIC": 0.16950110065783366,
  "scVI": 0.1740822278028411,
  "latent_truth_scvi_select": 0.14177302749147622
}