{
  "pr_auc": {
    "mean": 0.611520281504838,
    "p2_5": 0.5001400820003236,
    "p97_5": 0.7081130674257444
  },
  "precision_at_threshold": {
    "mean": 0.6714220327219204,
    "p2_5": 0.5403603602149577,
    "p97_5": 0.8085359674059792
  },
  "recall_at_threshold": {
    "mean": 0.34373547552892636,
    "p2_5": 0.24033479235117444,
    "p97_5": 0.43240740735402383
  },
  "f1_at_threshold": {
    "mean": 0.4527132078223451,
    "p2_5": 0.3398223042249455,
    "p97_5": 0.548275347663401
  },
  "roc_auc": {
    "mean": 0.626817741267184,
    "p2_5": 0.5450488290614051,
    "p97_5": 0.7068679559846843
  },
  "fill_fraction": {
    "mean": 0.083021525,
    "p2_5": 0.0819945,
    "p97_5": 0.08411275
  }
}