{
  "rounds": 256,
  "threshold": 1.101841266036034,
  "observed": {
    "pr_auc": 0.5269237480572116,
    "roc_auc": 0.583639705882353,
    "precision_at_threshold": 0.5961538460392012,
    "recall_at_threshold": 0.36470588231003465,
    "f1_at_threshold": 0.45255473974958715
  },
  "shuffle_baseline": {
    "pr_auc": {
      "mean": 0.4125486318855392,
      "p2_5": 0.35314138525008554,
      "p97_5": 0.48430910503916386
    },
    "roc_auc": {
      "mean": 0.5007823270909926,
      "p2_5": 0.4311580882352941,
      "p97_5": 0.5732996323529411
    },
    "precision_at_threshold": {
      "mean": 0.4003906249230018,
      "p2_5": 0.2764423076391457,
      "p97_5": 0.49999999990384614
    },
    "recall_at_threshold": {
      "mean": 0.24494485291235946,
      "p2_5": 0.16911764703892734,
      "p97_5": 0.30588235290519034
    },
    "f1_at_threshold": {
      "mean": 0.30394616312894607,
      "p2_5": 0.20985400985801067,
      "p97_5": 0.379562039030316
    }
  }
}