{
  "raw": 0.060241637765569934,
  "gene_median": 0.1288511424842344,
  "svd_impute": 0.1702256865016107,
  "graph_smooth": 0.16228160410884004,
  "MAGIC": 0.19166138080693007,
  "scVI": 0.17566578538592426,
  "latent_truth_scvi_select": 0.11107276294689049
}