{
  "pr_auc": {
    "mean": 0.5880028227778842,
    "p2_5": 0.49813972347055707,
    "p97_5": 0.6636810761866709
  },
  "precision_at_threshold": {
    "mean": 0.6205484714618753,
    "p2_5": 0.5101848285445173,
    "p97_5": 0.7293048467869151
  },
  "recall_at_threshold": {
    "mean": 0.2841684504001342,
    "p2_5": 0.20823063378553028,
    "p97_5": 0.3707478105866031
  },
  "f1_at_threshold": {
    "mean": 0.38832775293665245,
    "p2_5": 0.3048780445530935,
    "p97_5": 0.48054915173901475
  },
  "roc_auc": {
    "mean": 0.6592432270304894,
    "p2_5": 0.5847442495490774,
    "p97_5": 0.7214963897527049
  },
  "fill_fraction": {
    "mean": 0.079766175,
    "p2_5": 0.07868975,
    "p97_5": 0.08101525
  }
}