{
  "rounds": 256,
  "threshold": 1.1293141168355947,
  "observed": {
    "pr_auc": 0.6165775249181935,
    "roc_auc": 0.6426346932419806,
    "precision_at_threshold": 0.6727272726049587,
    "recall_at_threshold": 0.32456140348030166,
    "f1_at_threshold": 0.43786981804278563
  },
  "shuffle_baseline": {
    "pr_auc": {
      "mean": 0.4119876020258253,
      "p2_5": 0.35919143316553254,
      "p97_5": 0.47497118052416964
    },
    "roc_auc": {
      "mean": 0.4986043459008097,
      "p2_5": 0.4284133966573238,
      "p97_5": 0.569452013910516
    },
    "precision_at_threshold": {
      "mean": 0.3976562499276989,
      "p2_5": 0.2909090908561983,
      "p97_5": 0.5204545453599173
    },
    "recall_at_threshold": {
      "mean": 0.19185169954457446,
      "p2_5": 0.140350877180671,
      "p97_5": 0.2510964912060442
    },
    "f1_at_threshold": {
      "mean": 0.2588295074130863,
      "p2_5": 0.18934910801302487,
      "p97_5": 0.338757392019012
    }
  }
}