{
  "raw": 0.11422910696018541,
  "gene_median": 0.10433013539417124,
  "svd_impute": 0.15389204605456788,
  "graph_smooth": 0.16691135129328755,
  "MAGIC": 0.16887010684279893,
  "scVI": 0.1610829250148423,
  "latent_truth_scvi_select": 0.13068432844014674
}